{"cameraMode":{"drawMode":0,"name":"Shaded","section":"Shading Mode"},"sceneLighting":false,"audioPlay":false,"sceneViewState":{"m_AlwaysRefresh":false,"showFog":true,"showSkybox":false,"showFlares":true,"showImageEffects":true,"showParticleSystems":true,"showVisualEffectGraphs":true,"m_FxEnabled":false},"in2DMode":false,"pivot":{"x":-0.056665897369384769,"y":0.22547820210456849,"z":-0.2941904067993164},"rotation":{"x":-0.2642400562763214,"y":0.07369332015514374,"z":-0.020254753530025483,"w":-0.9614635705947876},"size":10.442157745361329,"orthographic":false}