{"cameraMode":{"drawMode":0,"name":"Shaded","section":"Shading Mode"},"sceneLighting":false,"audioPlay":false,"sceneViewState":{"m_AlwaysRefresh":false,"showFog":true,"showSkybox":false,"showFlares":true,"showImageEffects":true,"showParticleSystems":true,"showVisualEffectGraphs":true,"m_FxEnabled":false},"in2DMode":false,"pivot":{"x":0.10343048721551895,"y":1.1151487827301026,"z":-0.5588603019714356},"rotation":{"x":-0.2757904529571533,"y":0.07346376776695252,"z":-0.021111391484737397,"w":-0.9583284258842468},"size":2.3994758129119875,"orthographic":false}